Song Name,Vibe,Energy,Danceability,Happiness,Loudness
Dua Lipa - Levitating,Party,83.0,70.0,92.0,-4.0
Taylor Swift - Shake It Off,Party,79.0,65.0,94.0,-5.0
Beyoncé - Single Ladies,Party,58.0,43.0,27.0,-5.0
Pitbull - Timber,Party,96.0,58.0,79.0,-4.0
Ke$ha - TiK ToK,Party,84.0,76.0,71.0,-3.0
Clean Bandit - Rather Be,Party,59.0,80.0,55.0,-7.0
Luis Fonsi - Despacito,Party,80.0,66.0,84.0,-5.0
Sid Sriram - Srivalli,Party,58.0,82.0,68.0,-6.0
Badshah - Kala Chashma,Party,86.0,80.0,92.0,-4.0
Diljit Dosanjh - Lover,Party,59.0,83.0,77.0,-6.0
AP Dhillon - Brown Munde,Party,61.0,85.0,42.0,-6.0
Yo Yo Honey Singh - Lungi Dance,Party,96.0,68.0,82.0,-5.0
Vishal Dadlani - Malhari,Party,93.0,50.0,32.0,-5.0
Ricky Martin - Livin' La Vida Loca,Party,95.0,43.0,93.0,-4.0
Pitbull - Fireball,Party,93.0,76.0,84.0,-5.0
Don Omar - Danza Kuduro,Party,92.0,40.0,87.0,-5.0
Sean Paul - Temperature,Party,60.0,95.0,82.0,-5.0
Shaggy - It Wasn't Me,Party,61.0,85.0,65.0,-5.0
Black Eyed Peas - Pump It,Party,93.0,65.0,74.0,-3.0
Lady Gaga - Bad Romance,Party,92.0,70.0,71.0,-4.0
Rihanna - S&M,Party,69.0,77.0,84.0,-5.0
Katy Perry - Roar,Party,77.0,67.0,44.0,-5.0
BTS - Butter,Party,46.0,76.0,70.0,-5.0
BLACKPINK - How You Like That,Party,76.0,81.0,34.0,-5.0
Twice - The Feels,Party,90.0,81.0,92.0,-2.0
Stray Kids - God's Menu,Party,31.0,41.0,29.0,-21.0
Bigbang - Bang Bang Bang,Party,79.0,71.0,75.0,-3.0
"Super Junior - Sorry, Sorry",Party,97.0,71.0,96.0,-2.0
Wonder Girls - Nobody,Party,79.0,88.0,95.0,-7.0
Rain - Rainism,Party,84.0,74.0,67.0,-8.0
Daler Mehndi - Tunak Tunak Tun,Party,98.0,79.0,69.0,-6.0
Alka Yagnik - Bole Chudiyan,Party,88.0,59.0,74.0,-5.0
Udit Narayan - Koi Mil Gaya,Party,69.0,70.0,82.0,-9.0
Shaan - Dus Bahane,Party,91.0,81.0,46.0,-5.0
KK - It's The Time To Disco,Party,77.0,90.0,81.0,-8.0
Shankar Mahadevan - Kajra Re,Party,90.0,48.0,68.0,-4.0
Himesh Reshammiya - Aashiqui Mein Teri,Party,64.0,81.0,62.0,-9.0
Pritam - Garmi,Party,98.0,67.0,80.0,-1.0
Meet Bros - Baby Doll,Party,84.0,84.0,51.0,-3.0
Kanika Kapoor - Chittiyaan Kalaiyaan,Party,89.0,79.0,60.0,-5.0
Yo Yo Honey Singh - Blue Eyes,Party,51.0,77.0,53.0,-5.0
Jass Manak - Prada,Party,65.0,72.0,46.0,-5.0
Harrdy Sandhu - Bijlee Bijlee,Party,67.0,80.0,64.0,-5.0
King - Maan Meri Jaan,Party,51.0,70.0,40.0,-8.0
Divine - Mirchi,Party,61.0,87.0,82.0,-5.0
G.V. Prakash Kumar - Appadi Podu,Party,42.0,81.0,47.0,-13.0
Harris Jayaraj - Randaka,Party,92.0,82.0,74.0,-8.0
Devi Sri Prasad - Ringa Ringa,Party,88.0,63.0,86.0,-3.0
Thaman S - Butta Bomma,Party,64.0,67.0,89.0,-9.0
Bee Gees - Stayin' Alive,Party,79.0,81.0,80.0,-9.0
Kool & The Gang - Celebration,Party,66.0,89.0,91.0,-12.0
Cyndi Lauper - Girls Just Want To Have Fun,Party,80.0,71.0,73.0,-5.0
Britney Spears - Toxic,Party,47.0,75.0,45.0,-9.0
Backstreet Boys - Everybody,Party,81.0,79.0,51.0,-5.0
NSYNC - Bye Bye Bye,Party,87.0,57.0,81.0,-4.0
Spice Girls - Wannabe,Party,86.0,77.0,89.0,-6.0
Outkast - Hey Ya!,Party,97.0,73.0,97.0,-2.0
Empire of the Sun - Walking On A Dream,Party,70.0,87.0,72.0,-6.0
Foster The People - Pumped Up Kicks,Party,71.0,73.0,97.0,-6.0
Phoenix - 1901,Party,83.0,60.0,67.0,-5.0
Macklemore - Thrift Shop,Party,53.0,78.0,67.0,-7.0
Iggy Azalea - Fancy,Party,72.0,91.0,38.0,-4.0
Avicii - Levels,Party,91.0,62.0,35.0,-3.0
Calvin Harris - Feel So Close,Party,92.0,71.0,92.0,-3.0
Alan Walker - The Spectre,Party,71.0,65.0,20.0,-7.0
Zedd - Clarity,Party,78.0,51.0,18.0,-3.0
Disclosure - Latch,Party,74.0,73.0,54.0,-5.0
Jonas Blue - Fast Car,Party,57.0,64.0,53.0,-7.0
Sigala - Sweet Lovin',Party,85.0,68.0,71.0,-3.0
Duke Dumont - Ocean Drive,Party,72.0,69.0,56.0,-5.0
Kungs - This Girl,Party,72.0,79.0,47.0,-5.0
Jax Jones - You Don't Know Me,Party,66.0,88.0,69.0,-6.0
Joel Corry - Head & Heart,Party,87.0,73.0,91.0,-3.0
Regard - Ride It,Party,75.0,88.0,88.0,-4.0
Topic - Breaking Me,Party,72.0,79.0,66.0,-6.0
SAINt JHN - Roses (Imanbek Remix),Party,72.0,79.0,89.0,-5.0
Meduza - Piece Of Your Heart,Party,74.0,68.0,63.0,-7.0
Stromae - Alors On Danse,Party,59.0,79.0,72.0,-9.0
Michel Teló - Ai Se Eu Te Pego,Party,92.0,65.0,74.0,-7.0
Gusttavo Lima - Balada,Party,96.0,68.0,81.0,-4.0
Enrique Iglesias - Bailando,Party,78.0,73.0,96.0,-4.0
Marc Anthony - Vivir Mi Vida,Party,88.0,66.0,89.0,-3.0
Gipsy Kings - Bamboleo,Party,88.0,67.0,93.0,-9.0
Los Del Rio - Macarena,Party,93.0,72.0,96.0,-6.0
Las Ketchup - The Ketchup Song,Party,95.0,60.0,88.0,-6.0
Kaoma - Lambada,Party,80.0,76.0,97.0,-5.0
Lou Bega - Mambo No. 5,Party,81.0,62.0,89.0,-7.0
Vengaboys - We Like To Party,Party,93.0,79.0,97.0,-5.0
Aqua - Barbie Girl,Party,88.0,81.0,96.0,-11.0
Eiffel 65 - Blue (Da Ba Dee),Party,97.0,83.0,73.0,-11.0
O-Zone - Dragostea Din Tei,Party,97.0,80.0,68.0,-4.0
Eminem - Till I Collapse,Workout,85.0,55.0,10.0,-3.0
Survivor - Eye of the Tiger,Workout,60.0,82.0,55.0,-9.0
Kanye West - Stronger,Workout,72.0,62.0,50.0,-8.0
Imagine Dragons - Believer,Workout,78.0,78.0,67.0,-4.0
Jay-Z - Niggas in Paris,Workout,35.0,75.0,32.0,-18.0
Kendrick Lamar - Humble,Workout,45.0,76.0,97.0,-11.0
Guns N' Roses - Welcome to the Jungle,Workout,99.0,45.0,32.0,-4.0
DMX - X Gon' Give It To Ya,Workout,90.0,76.0,67.0,-3.0
50 Cent - In Da Club,Workout,72.0,90.0,81.0,-3.0
Pitbull - Hotel Room Service,Workout,63.0,85.0,79.0,-8.0
Skrillex - Bangarang,Workout,97.0,72.0,58.0,-2.0
DJ Snake - Turn Down for What,Workout,80.0,82.0,8.0,-4.0
The Prodigy - Smack My Bitch Up,Workout,100.0,60.0,26.0,-4.0
Darude - Sandstorm,Workout,97.0,53.0,59.0,-8.0
Swedish House Mafia - Greyhound,Workout,81.0,72.0,54.0,-5.0
Martin Garrix - Animals,Workout,87.0,68.0,4.0,-6.0
Fisher - Losing It,Workout,96.0,76.0,64.0,-6.0
Tiesto - The Business,Workout,62.0,80.0,24.0,-7.0
Calvin Harris - This Is What You Came For,Workout,93.0,63.0,47.0,-3.0
Imagine Dragons - Radioactive,Workout,78.0,45.0,24.0,-4.0
Fall Out Boy - Centuries,Workout,86.0,39.0,56.0,-3.0
Twenty One Pilots - Stressed Out,Workout,64.0,73.0,65.0,-6.0
Post Malone - Rockstar,Workout,46.0,54.0,4.0,-11.0
DaBaby - Rockstar,Workout,50.0,83.0,93.0,-11.0
Cardi B - Bodak Yellow,Workout,70.0,93.0,49.0,-6.0
Kanye West - Power,Workout,97.0,44.0,14.0,-1.0
J. Cole - Middle Child,Workout,48.0,80.0,14.0,-11.0
Future - Mask Off,Workout,43.0,83.0,28.0,-9.0
Migos - Walk It Talk It,Workout,63.0,91.0,40.0,-5.0
Jack Harlow - First Class,Workout,58.0,90.0,33.0,-6.0
Dua Lipa - Physical,Workout,84.0,65.0,75.0,-4.0
Anirudh Ravichander - Neruppu Da,Workout,84.0,58.0,48.0,-4.0
Arunraja Kamaraj - Kabali Theme,Workout,59.0,64.0,22.0,-13.0
Santhosh Narayanan - Neruppu Da,Workout,84.0,58.0,48.0,-4.0
Anirudh Ravichander - Hukum,Workout,89.0,72.0,53.0,-6.0
Thaman S - Akhanda Title Track,Workout,95.0,27.0,54.0,-5.0
Sultan - Sultan Title Track,Workout,91.0,68.0,19.0,-4.0
Vishal Dadlani - Zinda (Bhaag Milkha Bhaag),Workout,70.0,61.0,60.0,-7.0
Brodha V - Aigiri Nandini,Workout,84.0,77.0,76.0,-3.0
Raftaar - Swag Mera Desi,Workout,72.0,83.0,70.0,-8.0
KR$NA - Roll Up,Workout,60.0,76.0,40.0,-9.0
Bloodywood - Ari Ari,Workout,95.0,46.0,44.0,-8.0
Thaikkudam Bridge - Navarasam,Workout,78.0,36.0,11.0,-7.0
Linkin Park - Faint,Workout,98.0,55.0,61.0,-4.0
Linkin Park - One Step Closer,Workout,97.0,49.0,54.0,-4.0
System of A Down - Chop Suey!,Workout,93.0,42.0,29.0,-4.0
Slipknot - Psychosocial,Workout,98.0,57.0,31.0,-4.0
Pantera - Walk,Workout,70.0,43.0,70.0,-8.0
Metallica - Enter Sandman,Workout,83.0,57.0,62.0,-8.0
Slayer - Raining Blood,Workout,100.0,23.0,4.0,-4.0
Megadeth - Symphony of Destruction,Workout,89.0,61.0,51.0,-5.0
Iron Maiden - The Trooper,Workout,91.0,29.0,66.0,-5.0
Motorhead - Ace of Spades,Workout,99.0,32.0,20.0,-4.0
Judas Priest - Breaking the Law,Workout,96.0,36.0,49.0,-6.0
Guns N' Roses - Paradise City,Workout,98.0,27.0,39.0,-6.0
Foo Fighters - The Pretender,Workout,96.0,43.0,37.0,-4.0
Queens of the Stone Age - No One Knows,Workout,59.0,51.0,64.0,-5.0
Wolfmother - Woman,Workout,95.0,22.0,17.0,-4.0
Imagine Dragons - Natural,Workout,61.0,70.0,22.0,-6.0
Fall Out Boy - My Songs Know What You Did In The Dark,Workout,92.0,56.0,57.0,-4.0
The Score - Legend,Workout,76.0,60.0,46.0,-3.0
Zayde Wolf - Gladiator,Workout,78.0,54.0,51.0,-6.0
Neffex - Fight Back,Workout,95.0,72.0,59.0,-3.0
Rob Bailey - Beast,Workout,79.0,60.0,58.0,-7.0
DMX - Party Up,Workout,93.0,51.0,53.0,-3.0
Dr. Dre - Still D.R.E.,Workout,78.0,82.0,53.0,-3.0
Ice Cube - It Was A Good Day,Workout,74.0,80.0,79.0,-5.0
2Pac - California Love,Workout,85.0,76.0,76.0,-3.0
Notorious B.I.G. - Hypnotize,Workout,69.0,90.0,63.0,-4.0
"Mobb Deep - Shook Ones, Pt. II",Workout,79.0,76.0,50.0,-6.0
Jay-Z - 99 Problems,Workout,89.0,49.0,55.0,-4.0
Kanye West - Black Skinhead,Workout,81.0,77.0,33.0,-6.0
Drake - Nonstop,Workout,41.0,91.0,42.0,-8.0
Travis Scott - Antidote,Workout,53.0,71.0,12.0,-5.0
Meek Mill - Dreams and Nightmares,Workout,77.0,63.0,44.0,-2.0
Ace Hood - Bugatti,Workout,59.0,60.0,7.0,-5.0
DJ Khaled - All I Do Is Win,Workout,78.0,54.0,28.0,-4.0
Desiigner - Panda,Workout,73.0,69.0,27.0,-6.0
Pop Smoke - Dior,Workout,81.0,55.0,65.0,-6.0
Ski Mask The Slump God - Catch Me Outside,Workout,68.0,94.0,62.0,-6.0
Lil Pump - Boss,Workout,79.0,80.0,65.0,-3.0
The Weeknd - Starboy,Workout,59.0,68.0,49.0,-7.0
"Daft Punk - Harder, Better, Faster, Stronger",Workout,72.0,82.0,69.0,-9.0
Chemical Brothers - Galvanize,Workout,76.0,60.0,56.0,-6.0
Knife Party - Bonfire,Workout,94.0,54.0,59.0,-3.0
Skrillex - Scary Monsters and Nice Sprites,Workout,94.0,52.0,32.0,-4.0
Excision - Throwin' Elbows,Workout,94.0,57.0,36.0,-3.0
Lady Gaga - Just Dance,Party,74.0,82.0,75.0,-5.0
LMFAO - Party Rock Anthem,Party,73.0,75.0,36.0,-4.0
Avicii - Wake Me Up,Party,78.0,53.0,64.0,-6.0
Miley Cyrus - Party in the U.S.A.,Party,70.0,65.0,47.0,-5.0
Taio Cruz - Dynamite,Party,80.0,75.0,82.0,-3.0
Nicki Minaj - Starships,Party,72.0,75.0,75.0,-2.0
Jennifer Lopez - On The Floor,Party,78.0,73.0,59.0,-5.0
Carly Rae Jepsen - Call Me Maybe,Party,58.0,78.0,66.0,-7.0
DNCE - Cake By The Ocean,Party,75.0,77.0,90.0,-5.0
Maroon 5 - Sugar,Party,79.0,75.0,88.0,-7.0
BTS - Dynamite,Party,77.0,75.0,74.0,-4.0
Lizzo - Juice,Party,89.0,77.0,84.0,-3.0
Doja Cat - Say So,Party,67.0,79.0,78.0,-5.0
Shawn Mendes - There's Nothing Holdin' Me Back,Party,81.0,87.0,97.0,-4.0
Ed Sheeran - Shivers,Party,86.0,79.0,82.0,-3.0
The Kid LAROI - Stay,Party,69.0,51.0,19.0,-9.0
Jason Derulo - Want to Want Me,Party,68.0,78.0,66.0,-6.0
Sia - Cheap Thrills,Party,70.0,63.0,73.0,-6.0
The Chainsmokers - Closer,Party,52.0,75.0,66.0,-6.0
Daddy Yankee - Gasolina,Party,80.0,85.0,74.0,-7.0
M. M. Keeravani - Naatu Naatu,Party,99.0,41.0,70.0,-4.0
Thaman S - Ranjithame,Party,98.0,55.0,66.0,-6.0
Anirudh Ravichander - Vaathi Coming,Party,95.0,64.0,59.0,-4.0
Sukhbir - Ishq Tera Tadpave,Party,90.0,72.0,82.0,-8.0
Daddy Yankee - Dura,Party,80.0,77.0,85.0,-3.0
Rauw Alejandro - Todo De Ti,Party,72.0,78.0,34.0,-4.0
Farruko - Pepas,Party,77.0,76.0,44.0,-4.0
Karol G - Tusa,Party,72.0,80.0,57.0,-3.0
Shakira - Waka Waka,Party,87.0,71.0,83.0,-5.0
Daft Punk - Get Lucky,Party,79.0,81.0,86.0,-9.0
Pharrell Williams - Happy,Party,82.0,65.0,96.0,-5.0
Sunidhi Chauhan - Dhoom Machale,Party,92.0,78.0,49.0,-5.0
A.R. Rahman - Jai Ho,Party,94.0,66.0,88.0,-4.0
Tanishk Bagchi - Aankh Marey,Party,98.0,80.0,80.0,-1.0
Benny Dayal - Omana Penne,Party,73.0,69.0,66.0,-8.0
Bappi Lahiri - Jimmy Jimmy Aaja Aaja,Party,55.0,86.0,72.0,-10.0
Nazia Hassan - Disco Deewane,Party,47.0,73.0,96.0,-10.0
Abba - Dancing Queen,Party,87.0,54.0,75.0,-7.0
"Earth, Wind & Fire - September",Party,83.0,70.0,98.0,-7.0
The Killers - Mr. Brightside,Party,91.0,35.0,24.0,-5.0
Major Lazer - Light It Up,Party,88.0,75.0,75.0,-4.0
DJ Snake - Taki Taki,Party,80.0,84.0,62.0,-4.0
David Guetta - Play Hard,Party,92.0,69.0,80.0,-2.0
Martin Garrix - Tremor,Party,94.0,63.0,40.0,-4.0
Marshmello - Alone,Party,95.0,63.0,42.0,-4.0
Clean Bandit - Symphony,Party,63.0,71.0,46.0,-5.0
XXXTENTACION - Look At Me!,Workout,73.0,76.0,35.0,-6.0
Lil Uzi Vert - XO Tour Llif3,Workout,75.0,73.0,40.0,-6.0
Pendulum - Propane Nightmares,Workout,97.0,36.0,22.0,-4.0
Marshmello - Keep It Mello,Workout,89.0,68.0,11.0,-3.0
The Glitch Mob - Seven Nation Army Remix,Workout,84.0,70.0,20.0,-7.0
Imagine Dragons - Warriors,Workout,85.0,37.0,31.0,-6.0
K/DA - POP/STARS,Workout,77.0,56.0,39.0,-4.0
Stray Kids - Miroh,Workout,61.0,85.0,91.0,-9.0
ATEEZ - Wonderland,Workout,85.0,55.0,33.0,-7.0
NCT 127 - Kick It,Workout,84.0,68.0,50.0,-3.0
Monsta X - Hero,Workout,59.0,79.0,32.0,-14.0
EXO - Monster,Workout,76.0,62.0,54.0,-4.0
J-Hope - Chicken Noodle Soup,Workout,82.0,83.0,17.0,-4.0
Jessi - Nunu Nana,Workout,57.0,66.0,14.0,-9.0
Keith Ape - It G Ma,Workout,37.0,96.0,15.0,-11.0
Rich Brian - Dat $tick,Workout,51.0,92.0,17.0,-9.0
Higher Brothers - Made In China,Workout,53.0,84.0,19.0,-5.0
Hans Zimmer - Mombasa,Workout,83.0,51.0,34.0,-13.0
Hans Zimmer - Supermarine,Workout,87.0,55.0,15.0,-13.0
Ludwig Goransson - Tenet,Workout,72.0,75.0,21.0,-6.0
Tom Holkenborg - Mad Max Fury Road,Workout,89.0,25.0,29.0,-6.0
Ludovico Einaudi - Nuvole Bianche,Study,6.0,19.0,5.0,-25.0
Yiruma - River Flows in You,Study,22.0,32.0,12.0,-21.0
Erik Satie - Gymnopédie No.1,Study,1.0,47.0,36.0,-37.0
Beethoven - Moonlight Sonata,Study,2.0,31.0,14.0,-36.0
Mozart - Piano Concerto No. 21,Study,2.0,16.0,6.0,-30.0
Chopin - Nocturne Op. 9 No. 2,Study,1.0,45.0,8.0,-31.0
Bach - Cello Suite No. 1,Study,14.0,37.0,81.0,-21.0
Max Richter - On the Nature of Daylight,Study,34.0,7.0,3.0,-13.0
Brian Eno - An Ending (Ascent),Study,9.0,26.0,5.0,-25.0
Aphex Twin - Avril 14th,Study,3.0,56.0,37.0,-30.0
Tycho - Awake,Study,88.0,55.0,60.0,-6.0
Bonobo - Cirrus,Study,84.0,64.0,36.0,-8.0
Explosions in the Sky - Your Hand in Mine,Study,50.0,27.0,12.0,-15.0
Sigur Ros - Hoppipolla,Study,25.0,18.0,3.0,-19.0
The xx - Intro,Study,78.0,62.0,15.0,-9.0
M83 - Midnight City (Ambient Mix),Study,71.0,53.0,32.0,-7.0
Radiohead - Treefingers,Study,15.0,17.0,6.0,-21.0
Boards of Canada - Dayvan Cowboy,Study,62.0,32.0,4.0,-11.0
Nils Frahm - Says,Study,23.0,22.0,7.0,-13.0
Olafur Arnalds - Near Light,Study,35.0,48.0,9.0,-15.0
Joep Beving - Sleeping Lotus,Study,3.0,31.0,19.0,-27.0
Hania Rani - Eden,Study,18.0,44.0,4.0,-25.0
Alexis Ffrench - Bluebird,Study,11.0,45.0,8.0,-21.0
Yann Tiersen - Comptine d'un autre été,Study,19.0,48.0,5.0,-15.0
Ryuichi Sakamoto - Merry Christmas Mr. Lawrence,Study,18.0,49.0,28.0,-18.0
The Weeknd - Blinding Lights,Party,73.0,51.0,33.0,-6.0
Calvin Harris - Summer,Party,86.0,60.0,74.0,-4.0
One Direction - What Makes You Beautiful,Party,79.0,73.0,89.0,-2.0
Nakash Aziz - Saami Saami,Party,79.0,77.0,81.0,-6.0
Benny Dayal - Badtameez Dil,Party,93.0,81.0,79.0,-2.0
Mano - Mukkala Muqabla,Party,83.0,75.0,75.0,-7.0
Ramin Djawadi - Pacific Rim,Workout,69.0,57.0,53.0,-9.0
Hans Zimmer - Time,Study,10.0,29.0,4.0,-17.0
Hans Zimmer - Interstellar Main Theme,Study,2.0,31.0,7.0,-28.0
Debussy - Clair de Lune,Study,3.0,31.0,4.0,-24.0
Johann Pachelbel - Canon in D,Study,26.0,40.0,34.0,-12.0
Post Malone - Circles,Party,76.0,70.0,55.0,-3.0
Ludovico Einaudi - Experience,Study,45.0,45.0,4.0,-11.0
Mozart - Turkish March,Study,9.0,57.0,96.0,-23.0
Vivaldi - Four Seasons Spring,Study,14.0,32.0,30.0,-16.0
John Williams - Hedwig's Theme,Study,16.0,16.0,8.0,-17.0
Ramin Djawadi - Light of the Seven,Study,10.0,27.0,6.0,-17.0
The Weeknd - Call Out My Name,Study,59.0,46.0,17.0,-5.0
Joji - Slow Dancing in the Dark,Study,8.0,31.0,8.0,-25.0
Lofi Girl - Study Relax,Study,16.0,82.0,67.0,-13.0
ChilledCow - Lofi Hip Hop,Study,84.0,75.0,79.0,-9.0
Kina - Get You The Moon,Study,24.0,50.0,9.0,-17.0
Sam Smith - Stay With Me,Study,42.0,41.0,19.0,-6.0
Lewis Capaldi - Before You Go,Study,57.0,46.0,18.0,-5.0
Radiohead - No Surprises,Study,10.0,62.0,16.0,-20.0
The Beatles - Yesterday,Study,1.0,53.0,16.0,-26.0
Elton John - Rocket Man,Study,10.0,88.0,71.0,-17.0
Simon & Garfunkel - The Sound of Silence,Study,82.0,91.0,49.0,-5.0
Fleetwood Mac - Landslide,Study,16.0,41.0,42.0,-22.0
Eric Clapton - Tears In Heaven,Study,24.0,50.0,31.0,-12.0
Plain White T's - Hey There Delilah,Study,29.0,66.0,30.0,-11.0
Jack Johnson - Better Together,Study,35.0,87.0,66.0,-10.0
Vance Joy - Riptide,Study,73.0,48.0,51.0,-7.0
Nobuo Uematsu - To Zanarkand,Study,4.0,43.0,9.0,-20.0
C418 - Sweden,Study,1.0,64.0,20.0,-25.0
C418 - Subwoofer Lullaby,Study,1.0,33.0,4.0,-24.0
Christopher Larkin - Hollow Knight,Study,3.0,22.0,14.0,-27.0
Lena Raine - Pigstep,Study,92.0,62.0,53.0,-3.0
Howard Shore - The Shire,Study,1.0,45.0,16.0,-24.0
John Williams - Jurassic Park Theme,Study,13.0,14.0,6.0,-19.0
Klaus Badelt - He's A Pirate,Study,69.0,47.0,13.0,-11.0
Alan Silvestri - Forrest Gump Suite,Study,12.0,11.0,4.0,-16.0
Thomas Newman - American Beauty,Study,1.0,21.0,5.0,-32.0
Justin Hurwitz - City of Stars,Study,12.0,49.0,43.0,-15.0
Ennio Morricone - The Ecstasy of Gold,Study,47.0,13.0,13.0,-14.0
Philip Glass - Metamorphosis One,Study,3.0,30.0,5.0,-25.0
Arvo Part - Spiegel im Spiegel,Study,6.0,12.0,7.0,-28.0
Samuel Barber - Adagio for Strings,Study,7.0,10.0,3.0,-24.0
Holst - Jupiter,Study,13.0,30.0,16.0,-21.0
Brahms - Lullaby,Study,19.0,66.0,43.0,-29.0
Schubert - Ave Maria,Study,6.0,21.0,5.0,-20.0
Liszt - Liebestraum No. 3,Study,3.0,28.0,3.0,-27.0
Rachmaninoff - Rhapsody on a Theme of Paganini,Study,6.0,17.0,4.0,-23.0
Grieg - Morning Mood,Study,2.0,13.0,4.0,-30.0
Handel - Messiah,Study,16.0,44.0,40.0,-16.0
Wagner - Ride of the Valkyries,Study,23.0,23.0,7.0,-19.0
Saint-Saens - The Swan,Study,2.0,45.0,7.0,-26.0
Satie - Gnossienne No. 1,Study,1.0,42.0,8.0,-28.0
Mozart - Eine Kleine Nachtmusik,Study,11.0,52.0,44.0,-19.0
Vivaldi - Four Seasons Winter,Study,35.0,50.0,27.0,-9.0
Haydn - Surprise Symphony,Study,24.0,44.0,50.0,-16.0
Stravinsky - The Rite of Spring,Study,67.0,64.0,17.0,-5.0
Gershwin - Rhapsody in Blue,Study,18.0,31.0,8.0,-18.0
Bernstein - West Side Story,Study,2.0,25.0,3.0,-36.0
Andrew Lloyd Webber - Phantom of the Opera,Study,84.0,43.0,31.0,-8.0
Stephen Sondheim - Send in the Clowns,Study,5.0,17.0,9.0,-17.0
Pasek and Paul - Rewrite The Stars,Study,62.0,68.0,28.0,-7.0
Phil Collins - You'll Be In My Heart,Study,75.0,57.0,65.0,-7.0
Zimmer - Circle of Life,Study,39.0,40.0,57.0,-16.0
Silvestri - Portals,Study,51.0,17.0,8.0,-11.0
Giacchino - Up Theme,Study,2.0,37.0,9.0,-24.0
Desplat - The Imitation Game,Study,31.0,32.0,6.0,-14.0
Jablonsky - Arrival to Earth,Study,38.0,10.0,7.0,-16.0
Powell - Test Drive,Study,58.0,26.0,24.0,-9.0
Gregson-Williams - Chronicles of Narnia,Study,33.0,17.0,11.0,-13.0
Djawadi - Game of Thrones Theme,Study,47.0,22.0,39.0,-15.0
Bear McCreary - God of War,Study,35.0,23.0,10.0,-11.0
Jeremy Soule - Dragonborn,Study,48.0,19.0,12.0,-13.0
Yoko Shimomura - Dearly Beloved,Study,14.0,39.0,12.0,-16.0
David Wise - Aquatic Ambiance,Study,23.0,28.0,8.0,-16.0
Uematsu - Prelude,Study,43.0,25.0,4.0,-15.0
Yasunori Mitsuda - Wind Scene,Study,35.0,50.0,40.0,-4.0
Kazumi Totaka - Wii Shop Channel,Study,14.0,72.0,76.0,-26.0
Hajime Wakai - Pikmin Theme,Study,27.0,46.0,4.0,-15.0
Junichi Masuda - Pokemon Center,Study,50.0,55.0,98.0,-21.0
Koji Kondo - Kakariko Village,Study,4.0,43.0,35.0,-26.0
Mahito Yokota - Gusty Garden Galaxy,Study,40.0,32.0,27.0,-12.0
Kenta Nagata - Mario Kart Theme,Study,30.0,37.0,47.0,-12.0
Kazumi Totaka - K.K. Slider,Study,17.0,57.0,23.0,-14.0
Tomaka - Wii Sports Theme,Study,3.0,76.0,26.0,-25.0
Soyez - Wii Fit Theme,Study,1.0,73.0,51.0,-25.0
Meguro - Life Will Change,Study,92.0,70.0,63.0,-5.0
Christopher Larkin - Hornet,Study,36.0,62.0,64.0,-13.0
Gareth Coker - Ori Main Theme,Study,15.0,52.0,11.0,-21.0
Austin Wintory - Journey,Study,28.0,62.0,38.0,-9.0
Darren Korb - Build That Wall,Study,8.0,77.0,34.0,-12.0
David Berl - Celeste Theme,Study,3.0,35.0,8.0,-24.0
ConcernedApe - Stardew Valley Overture,Study,39.0,38.0,14.0,-18.0
Valve - Portal Still Alive,Study,12.0,43.0,6.0,-22.0
Ed Sheeran - Perfect,Sleep,45.0,60.0,17.0,-6.0
Ed Sheeran - Thinking Out Loud,Sleep,45.0,78.0,59.0,-6.0
John Legend - All of Me,Sleep,26.0,42.0,33.0,-7.0
Adele - Someone Like You,Sleep,44.0,53.0,26.0,-7.0
Adele - Hello,Sleep,43.0,58.0,29.0,-6.0
Sam Smith - Too Good At Goodbyes,Sleep,37.0,72.0,47.0,-8.0
Billie Eilish - Ocean Eyes,Sleep,42.0,66.0,14.0,-10.0
Lewis Capaldi - Someone You Loved,Sleep,41.0,50.0,45.0,-6.0
Bruno Mars - Talking to the Moon,Sleep,59.0,50.0,8.0,-5.0
Coldplay - Fix You,Sleep,42.0,21.0,12.0,-9.0
Coldplay - Yellow,Sleep,23.0,45.0,10.0,-19.0
Zayn - Dusk Till Dawn,Sleep,44.0,26.0,10.0,-7.0
Sia - Helium,Sleep,40.0,34.0,11.0,-7.0
Rihanna - Stay,Sleep,31.0,62.0,13.0,-10.0
Lady Gaga - Shallow,Sleep,39.0,58.0,33.0,-6.0
Train - Drops of Jupiter,Sleep,64.0,48.0,50.0,-6.0
Hoobastank - The Reason,Sleep,64.0,46.0,7.0,-6.0
Evanescence - My Immortal,Sleep,27.0,19.0,10.0,-9.0
Linkin Park - One More Light,Sleep,20.0,59.0,17.0,-11.0
U2 - With Or Without You,Sleep,43.0,54.0,11.0,-12.0
Bryan Adams - Heaven,Sleep,59.0,38.0,33.0,-7.0
Louis Armstrong - What a Wonderful World,Sleep,17.0,27.0,20.0,-21.0
Ben E. King - Stand By Me,Sleep,31.0,65.0,61.0,-9.0
John Lennon - Imagine,Sleep,26.0,55.0,17.0,-12.0
James Taylor - You've Got a Friend,Sleep,28.0,70.0,45.0,-15.0
Norah Jones - Don't Know Why,Sleep,22.0,75.0,64.0,-11.0
Aretha Franklin - Natural Woman,Sleep,27.0,60.0,41.0,-10.0
Otis Redding - Dock of the Bay,Sleep,37.0,77.0,53.0,-11.0
Al Green - Let's Stay Together,Sleep,40.0,76.0,51.0,-11.0
Marvin Gaye - What's Going On,Sleep,72.0,28.0,83.0,-10.0
George Michael - Careless Whisper,Sleep,64.0,57.0,79.0,-9.0
Michael Jackson - Human Nature,Sleep,41.0,63.0,76.0,-14.0
Commodores - Easy,Sleep,39.0,59.0,36.0,-15.0
Bee Gees - How Deep Is Your Love,Sleep,36.0,63.0,67.0,-9.0
Carpenters - Close to You,Sleep,24.0,53.0,24.0,-15.0
Joni Mitchell - Both Sides Now,Sleep,14.0,19.0,13.0,-14.0
Billy Joel - Vienna,Sleep,50.0,53.0,31.0,-7.0
Eagles - Desperado,Sleep,22.0,23.0,18.0,-13.0
Kansas - Dust in the Wind,Sleep,32.0,48.0,39.0,-11.0
Don Henley - Boys of Summer,Sleep,70.0,52.0,91.0,-10.0
Chicago - You're the Inspiration,Sleep,58.0,60.0,38.0,-7.0
REO Speedwagon - Keep on Loving You,Sleep,72.0,31.0,41.0,-6.0
Journey - Faithfully,Sleep,60.0,42.0,23.0,-6.0
Toto - Africa (Acoustic),Sleep,84.0,56.0,41.0,-10.0
Cyndi Lauper - Time After Time,Sleep,45.0,73.0,29.0,-9.0
Bangles - Eternal Flame,Sleep,36.0,53.0,40.0,-7.0
Phil Collins - In the Air Tonight,Sleep,24.0,45.0,30.0,-14.0
Sting - Fields of Gold,Sleep,34.0,65.0,32.0,-12.0
The Verve - Bitter Sweet Symphony,Sleep,92.0,36.0,52.0,-6.0
Snow Patrol - Run,Sleep,64.0,39.0,20.0,-6.0
Keane - Bedshaped,Sleep,41.0,34.0,7.0,-7.0
Travis - Sing,Sleep,91.0,33.0,26.0,-5.0
Jeff Buckley - Hallelujah,Sleep,14.0,32.0,8.0,-10.0
Red Hot Chili Peppers - Under the Bridge,Sleep,35.0,56.0,46.0,-13.0
Stone Temple Pilots - Plush (Acoustic),Sleep,36.0,64.0,28.0,-11.0
Alice in Chains - Nutshell,Sleep,56.0,38.0,16.0,-10.0
Foo Fighters - Everlong (Acoustic),Sleep,34.0,64.0,55.0,-11.0
Green Day - Good Riddance,Sleep,43.0,48.0,65.0,-8.0
Incubus - Drive,Sleep,27.0,67.0,42.0,-10.0
Lifehouse - Hanging by a Moment,Sleep,86.0,54.0,44.0,-5.0
The Calling - Wherever You Will Go,Sleep,72.0,56.0,37.0,-5.0
Goo Goo Dolls - Iris,Sleep,72.0,32.0,50.0,-8.0
Matchbox Twenty - Unwell,Sleep,79.0,44.0,44.0,-5.0
Five for Fighting - 100 Years,Sleep,57.0,64.0,28.0,-7.0
Daniel Powter - Bad Day,Sleep,79.0,60.0,52.0,-4.0
The Fray - You Found Me,Sleep,80.0,34.0,40.0,-5.0
OneRepublic - Apologize,Sleep,60.0,65.0,10.0,-6.0
Timbaland - Apologize,Sleep,60.0,65.0,10.0,-6.0
Leona Lewis - Bleeding Love,Sleep,66.0,64.0,23.0,-6.0
Beyonce - Halo,Sleep,72.0,51.0,47.0,-6.0
Alicia Keys - If I Ain't Got You,Sleep,44.0,61.0,17.0,-9.0
Usher - Burn,Sleep,48.0,80.0,69.0,-7.0
Chris Brown - With You,Sleep,69.0,66.0,66.0,-4.0
Rihanna - Take a Bow,Sleep,47.0,52.0,56.0,-8.0
Taylor Swift - All Too Well,Sleep,29.0,59.0,19.0,-10.0
Lorde - Ribs,Sleep,47.0,53.0,4.0,-9.0
Halsey - Sorry,Sleep,25.0,51.0,35.0,-9.0
Julia Michaels - Issues,Sleep,42.0,73.0,46.0,-7.0
Selena Gomez - Lose You to Love Me,Sleep,34.0,52.0,10.0,-9.0
Demi Lovato - Stone Cold,Sleep,45.0,42.0,36.0,-8.0
Miley Cyrus - The Climb,Sleep,59.0,33.0,33.0,-7.0
Carrie Underwood - Jesus Take the Wheel,Sleep,52.0,36.0,14.0,-4.0
Rascal Flatts - Bless the Broken Road,Sleep,45.0,59.0,34.0,-6.0
Lady A - Need You Now,Sleep,62.0,59.0,23.0,-6.0
Lonestar - Amazed,Sleep,54.0,56.0,24.0,-8.0
Shania Twain - You're Still the One,Sleep,49.0,59.0,63.0,-9.0
Faith Hill - Breathe,Sleep,50.0,53.0,28.0,-9.0
Dixie Chicks - Landslide,Sleep,44.0,57.0,44.0,-7.0
Brad Paisley - Whiskey Lullaby,Sleep,35.0,59.0,17.0,-11.0
Kenny Chesney - There Goes My Life,Sleep,48.0,58.0,22.0,-8.0
Alan Jackson - Remember When,Sleep,31.0,56.0,28.0,-11.0
Garth Brooks - The Dance,Sleep,21.0,56.0,13.0,-13.0
Brooks & Dunn - Believe,Sleep,22.0,60.0,21.0,-10.0
Johnny Cash - Hurt,Sleep,39.0,53.0,16.0,-8.0
Willie Nelson - Always on My Mind,Sleep,26.0,52.0,20.0,-14.0
Loretta Lynn - Coal Miner's Daughter,Sleep,47.0,60.0,63.0,-9.0
Ray Charles - Georgia on My Mind,Sleep,40.0,14.0,30.0,-9.0
Billie Holiday - Strange Fruit,Sleep,4.0,31.0,6.0,-23.0
Sarah Vaughan - Misty,Sleep,20.0,21.0,14.0,-14.0
Nat King Cole - Unforgettable,Sleep,29.0,29.0,14.0,-13.0
Julie Andrews - Edelweiss,Sleep,13.0,29.0,23.0,-16.0
Barbra Streisand - The Way We Were,Sleep,32.0,26.0,17.0,-12.0
Bette Midler - The Rose,Sleep,10.0,26.0,8.0,-13.0
Sarah McLachlan - Angel,Sleep,9.0,40.0,13.0,-14.0
Dido - White Flag,Sleep,54.0,51.0,28.0,-7.0
Jewel - You Were Meant for Me,Sleep,33.0,62.0,21.0,-11.0
Sheryl Crow - Strong Enough,Sleep,27.0,58.0,58.0,-15.0
Alanis Morissette - Ironic,Sleep,60.0,50.0,39.0,-8.0
No Doubt - Don't Speak,Sleep,71.0,52.0,54.0,-7.0
Sixpence None the Richer - Kiss Me,Sleep,75.0,53.0,42.0,-7.0
Savage Garden - Truly Madly Deeply,Sleep,70.0,56.0,82.0,-9.0
NSYNC - This I Promise You,Sleep,59.0,55.0,47.0,-6.0
Westlife - My Love,Sleep,59.0,49.0,33.0,-6.0
Boyz II Men - End of the Road,Sleep,43.0,64.0,53.0,-9.0
K-Ci & JoJo - All My Life,Sleep,50.0,64.0,17.0,-9.0
Brian McKnight - Back at One,Sleep,35.0,66.0,26.0,-9.0
Luther Vandross - Dance with My Father,Sleep,34.0,74.0,23.0,-10.0
Kungs - Don't You Know,Party,51.0,79.0,66.0,-6.8
Swedish House Mafia - One,Party,87.0,57.0,78.0,-5.3
Katy Perry - Last Friday Night,Party,79.0,71.0,31.0,-7.6
DJ Snake - Lean On,Party,68.0,88.0,71.0,-6.0
Meduza - Lose Control,Party,69.0,77.0,78.0,-5.0
Usher - Yeah!,Party,75.0,75.0,100.0,-4.2
DJ Snake - Bird Machine,Party,71.0,87.0,85.0,-4.5
Martin Garrix - High On Life,Party,74.0,77.0,35.0,-3.8
Tiësto - The Motto,Party,80.0,66.0,82.0,-4.8
Duke Dumont - The Giver,Party,51.0,77.0,56.0,-5.2
Gusttavo Lima - Eu Vou Tentando Te Agarrar,Party,90.0,69.0,95.0,-3.0
Martin Garrix - In The Name Of Love,Party,58.0,85.0,69.0,-6.7
ABBA - Mamma Mia,Party,75.0,49.0,34.0,-6.0
Joel Corry - History,Party,61.0,95.0,85.0,-5.6
Jax Jones - Play,Party,72.0,79.0,86.0,-4.4
Tiësto - Red Lights,Party,90.0,60.0,85.0,-2.9
Nicki Minaj - Moment 4 Life,Party,87.0,65.0,92.0,-8.9
Meduza - Bad Memories,Party,65.0,84.0,60.0,-4.8
Martin Garrix - Pizza,Party,70.0,80.0,63.0,-2.5
Whitney Houston - I'm Every Woman,Party,92.0,77.0,46.0,-4.8
Whitney Houston - How Will I Know,Party,81.0,75.0,43.0,-4.1
Alan Walker - On My Way,Party,67.0,74.0,78.0,-8.8
Duke Dumont - Won't Look Back,Party,95.0,79.0,91.0,-1.5
Clean Bandit - Stronger,Party,70.0,78.0,59.0,-3.3
Kygo - Higher Love,Party,90.0,71.0,71.0,-4.2
Whitney Houston - So Emotional,Party,84.0,79.0,92.0,-11.1
Alan Walker - Darkside,Party,99.0,41.0,72.0,-4.0
Britney Spears - Work Bitch,Party,65.0,70.0,42.0,-4.9
Sia - Titanium,Party,59.0,63.0,53.0,-7.6
Arctic Monkeys - R U Mine?,Party,65.0,81.0,79.0,-4.8
"Earth, Wind & Fire - Fantasy",Party,79.0,84.0,83.0,-8.9
Enrique Iglesias - I Like It,Party,76.0,69.0,63.0,-7.4
Joel Corry - I Wish,Party,89.0,63.0,84.0,-3.0
Vengaboys - Boom Boom Boom Boom,Party,79.0,80.0,73.0,-5.8
Justin Bieber - Baby,Party,80.0,70.0,85.0,-2.6
LMFAO - Shots,Party,81.0,62.0,34.0,-4.6
Jonas Blue - Rise,Party,76.0,79.0,56.0,-4.2
Swedish House Mafia - Save The World,Party,95.0,63.0,43.0,-4.4
Clean Bandit - Solo,Party,84.0,67.0,25.0,-4.9
Dua Lipa - New Rules,Party,92.0,68.0,56.0,-4.1
The Chainsmokers - Call You Mine,Party,79.0,82.0,78.0,-9.3
Rauw Alejandro - Fantasias,Party,82.0,84.0,62.0,-4.2
Sigala - Easy Love,Party,88.0,81.0,97.0,-11.2
Tiësto - Boom,Party,88.0,79.0,70.0,-2.5
Marshmello - Friends,Party,75.0,83.0,30.0,-4.9
Destiny's Child - Bootylicious,Party,89.0,56.0,71.0,-5.1
Outkast - B.O.B.,Party,80.0,88.0,64.0,-4.6
Disclosure - White Noise,Party,78.0,73.0,99.0,-4.7
Ricky Martin - La Mordidita,Party,86.0,65.0,76.0,-2.7
Calvin Harris - Outside,Party,92.0,70.0,77.0,-2.0
Kool & The Gang - Ladies Night,Party,92.0,65.0,43.0,-4.0
Ricky Martin - Cup Of Life,Party,74.0,74.0,35.0,-4.1
Don Omar - Taboo,Party,90.0,75.0,85.0,-2.6
Don Omar - Pobre Diabla,Party,94.0,64.0,76.0,-2.9
Nicki Minaj - Va Va Voom,Party,89.0,66.0,73.0,-7.2
Cardi B - Money,Party,92.0,45.0,20.0,-4.2
Kesha - Tik Tok,Party,50.0,70.0,36.0,-7.8
Duke Dumont - Ocean Drive (Extended),Party,85.0,57.0,75.0,-4.0
Daddy Yankee - Rompe,Party,76.0,67.0,64.0,-6.8
Duke Dumont - Red Light Green Light,Party,85.0,74.0,87.0,-8.4
Sia - Fire Meet Gasoline,Party,74.0,68.0,79.0,-8.8
DJ Snake - Middle,Party,83.0,72.0,21.0,-3.2
Guru Randhawa - Lahore,Party,92.0,70.0,89.0,-3.4
Disclosure - You & Me,Party,93.0,73.0,70.0,-3.9
Indila - Tourner Dans Le Vide,Party,91.0,79.0,49.0,-4.8
Kygo - Stay,Party,75.0,78.0,56.0,-5.9
Topic - In Your Arms,Party,73.0,86.0,39.0,-4.0
Martin Garrix - Scared To Be Lonely,Party,89.0,59.0,69.0,-4.6
Bruno Mars - Finesse,Party,73.0,75.0,69.0,-4.4
Calvin Harris - We Found Love,Party,81.0,73.0,87.0,-1.5
Foster The People - Houdini,Party,98.0,59.0,88.0,-6.2
The Weeknd - I Feel It Coming,Party,76.0,77.0,51.0,-3.4
Avicii - Silhouettes,Party,85.0,63.0,86.0,-3.1
Iggy Azalea - Black Widow,Party,77.0,62.0,96.0,-4.5
Daddy Yankee - Con Calma,Party,61.0,79.0,51.0,-7.2
Karol G - Ay Dios Mio,Party,92.0,69.0,69.0,-4.2
Kygo - It Ain't Me,Party,49.0,76.0,50.0,-9.1
Panjabi MC - Mundian To Bach Ke,Party,92.0,80.0,100.0,-5.0
Galantis - Heartbreak Anthem,Party,85.0,74.0,63.0,-7.9
Bad Bunny - Dákiti,Party,65.0,77.0,62.0,-5.1
Regard - You,Party,75.0,67.0,63.0,-8.7
Madonna - Hung Up,Party,81.0,62.0,22.0,-4.9
Major Lazer - Buscando Huellas,Party,70.0,64.0,70.0,-5.8
J Balvin - Ay Vamos,Party,58.0,88.0,60.0,-5.2
"Outkast - So Fresh, So Clean",Party,72.0,67.0,70.0,-8.2
Cardi B - WAP,Party,90.0,68.0,88.0,-3.0
Zedd - Spectrum,Party,84.0,70.0,89.0,-2.2
Michael Jackson - Beat It,Party,84.0,78.0,79.0,-9.6
Sigala - Melody,Party,59.0,87.0,83.0,-4.8
Karol G - Provenza,Party,81.0,74.0,87.0,-2.8
Flo Rida - Club Can't Handle Me,Party,71.0,80.0,66.0,-6.0
Ed Sheeran - Happier,Sleep,75.0,53.0,52.0,-6.4
Joji - Ew,Sleep,60.0,38.0,25.0,-5.6
Tony Bennett - I Left My Heart in San Francisco,Sleep,38.0,65.0,73.0,-14.0
Damien Rice - Cannonball,Sleep,30.0,24.0,18.0,-12.7
Rex Orange County - Pluto Projector,Sleep,32.0,25.0,16.0,-12.2
James Bay - Peer Pressure,Sleep,55.0,43.0,19.0,-9.6
Kodaline - Love Like This (Acoustic),Sleep,27.0,46.0,37.0,-7.4
AURORA - Exist For Love,Sleep,43.0,58.0,19.0,-7.9
James Bay - If You Ever Want To Be In Love,Sleep,18.0,24.0,18.0,-20.6
FINNEAS - Let's Fall In Love For The Night,Sleep,80.0,59.0,48.0,-4.7
Lord Huron - Frozen Pines,Sleep,56.0,47.0,32.0,-6.9
Phil Collins - One More Night,Sleep,50.0,56.0,42.0,-7.2
Sting - Shape Of My Heart,Sleep,21.0,53.0,15.0,-12.8
Lorde - Secrets From A Girl (Who's Seen It All),Sleep,43.0,74.0,44.0,-7.1
Kodaline - High Hopes,Sleep,69.0,51.0,87.0,-9.7
Sufjan Stevens - Death With Dignity,Sleep,40.0,20.0,12.0,-8.7
Billie Eilish - idontwannabeyouanymore,Sleep,34.0,68.0,48.0,-7.0
Olivia Rodrigo - The Grudge,Sleep,39.0,12.0,28.0,-9.1
Jeff Buckley - Hallelujah (Live),Sleep,27.0,59.0,14.0,-9.2
Clairo - Softly,Sleep,44.0,62.0,54.0,-8.7
Daughter - Landfill,Sleep,56.0,40.0,16.0,-10.0
Vance Joy - Call If You Need Me,Sleep,58.0,51.0,4.0,-4.8
Sting - Fields Of Gold (Acoustic),Sleep,62.0,30.0,20.0,-7.9
RY X - Berlin,Sleep,25.0,68.0,40.0,-9.8
Keane - Everybody's Changing (Acoustic),Sleep,40.0,78.0,60.0,-10.6
Sleeping At Last - Two,Sleep,42.0,30.0,11.0,-6.8
The Beatles - Julia,Sleep,35.0,56.0,42.0,-13.7
Halsey - Finally // Beautiful Stranger,Sleep,69.0,46.0,9.0,-6.3
Lana Del Rey - West Coast (Acoustic),Sleep,42.0,31.0,14.0,-7.5
Norah Jones - Shoot The Moon,Sleep,58.0,64.0,8.0,-6.5
Patsy Cline - Crazy,Sleep,40.0,63.0,55.0,-8.8
Conan Gray - The Story,Sleep,48.0,60.0,12.0,-5.1
98 Degrees - I Do,Sleep,51.0,63.0,17.0,-6.1
RY X - Only,Sleep,34.0,57.0,7.0,-9.8
Birdy - Fire Within,Sleep,32.0,68.0,48.0,-14.2
Clairo - Pretty Girl,Sleep,20.0,45.0,11.0,-18.3
Coldplay - Everglow,Sleep,30.0,62.0,67.0,-8.5
Halsey - 929,Sleep,30.0,69.0,44.0,-15.0
Clairo - Bags,Sleep,56.0,57.0,27.0,-7.7
Taylor Swift - Evermore,Sleep,32.0,53.0,37.0,-11.0
Lana Del Rey - Born To Die,Sleep,64.0,58.0,27.0,-5.8
Alec Benjamin - Demons,Sleep,69.0,52.0,89.0,-9.6
Lorde - Hard Feelings,Sleep,60.0,42.0,32.0,-7.6
Alec Benjamin - Let Me Down Slowly,Sleep,74.0,48.0,48.0,-5.4
Phil Collins - If Leaving Me Is Easy,Sleep,31.0,62.0,73.0,-9.0
Sleeping At Last - Venus,Sleep,39.0,59.0,72.0,-15.1
Bob Dylan - Boots Of Spanish Leather,Sleep,56.0,36.0,32.0,-7.7
Madonna - Crazy for You,Sleep,36.0,17.0,32.0,-8.8
John Mayer - Edge Of Desire,Sleep,35.0,60.0,33.0,-11.1
Sleeping At Last - Turning Page,Sleep,37.0,49.0,33.0,-11.7
Radiohead - True Love Waits,Sleep,11.0,40.0,45.0,-18.6
Birdy - Deepest Lonely,Sleep,47.0,54.0,20.0,-5.7
Kodaline - All I Want,Sleep,41.0,12.0,31.0,-7.7
Keane - Somewhere Only We Know,Sleep,46.0,57.0,65.0,-9.1
Birdy - Wings (Acoustic),Sleep,43.0,47.0,43.0,-6.1
Lewis Capaldi - Pointless,Sleep,36.0,71.0,46.0,-8.4
Keane - Hamburg Song,Sleep,68.0,58.0,28.0,-5.1
Al Green - Love And Happiness (Acoustic),Sleep,47.0,59.0,27.0,-8.1
Justin Bieber - Love Yourself,Sleep,72.0,55.0,95.0,-10.6
AURORA - Daydreamer,Sleep,56.0,46.0,29.0,-5.6
Norah Jones - Sunrise,Sleep,29.0,59.0,19.0,-10.1
SYML - Fear Of The Water,Sleep,74.0,63.0,56.0,-4.2
The Paper Kites - Paint,Sleep,42.0,21.0,11.0,-9.2
Sam Smith - Drowning Shadows,Sleep,42.0,78.0,73.0,-9.5
Damien Rice - 9 Crimes,Sleep,17.0,25.0,9.0,-12.3
Tom Odell - Long Way Down,Sleep,24.0,59.0,12.0,-14.3
Cigarettes After Sex - Falling In Love,Sleep,55.0,66.0,25.0,-6.3
Leonard Cohen - Famous Blue Raincoat,Sleep,31.0,29.0,21.0,-13.1
Radiohead - Exit Music (For A Film),Sleep,20.0,24.0,15.0,-13.3
Prince - The Beautiful Ones,Sleep,41.0,65.0,51.0,-8.7
Eagles - Peaceful Easy Feeling,Sleep,30.0,55.0,20.0,-15.3
Conan Gray - Comfort Crowd,Sleep,44.0,77.0,73.0,-7.0
Rex Orange County - Loving Is Easy (Acoustic),Sleep,47.0,47.0,61.0,-7.9
Angus & Julia Stone - For You,Sleep,40.0,65.0,11.0,-10.2
The Weeknd - The Knowing,Sleep,34.0,65.0,29.0,-8.2
Phil Collins - Against All Odds,Sleep,59.0,66.0,32.0,-6.0
Jason Mraz - I Won't Give Up,Sleep,23.0,55.0,18.0,-14.8
Don McLean - American Pie (Acoustic),Sleep,45.0,57.0,19.0,-6.2
Radiohead - Street Spirit (Fade Out),Sleep,60.0,55.0,34.0,-7.2
U2 - One,Sleep,33.0,62.0,15.0,-10.7
The 1975 - Be My Mistake,Sleep,95.0,33.0,20.0,-4.6
Prince - Sometimes It Snows In April,Sleep,77.0,50.0,40.0,-6.9
Keane - Everybody's Changing,Sleep,68.0,55.0,80.0,-9.3
Joji - Run (Acoustic),Sleep,19.0,50.0,21.0,-14.1
Lewis Capaldi - Bruises,Sleep,36.0,54.0,39.0,-6.7
Helios - Paper Tiger,Study,60.0,20.0,20.0,-9.3
Bonobo - Nightlite,Study,43.0,41.0,9.0,-9.9
Michael Giacchino - Enterprising Young Men (Soft Mix),Study,7.0,19.0,3.0,-38.3
Chopin - Prelude In E Minor,Study,14.0,30.0,22.0,-14.5
Gareth Coker - The Sacrifice,Study,6.0,12.0,4.0,-25.1
Steve Reich - Piano Phase,Study,1.0,75.0,52.0,-24.6
Howard Shore - The Grey Havens,Study,1.0,47.0,2.0,-32.4
Ryuichi Sakamoto - Solitude,Study,20.0,34.0,7.0,-20.6
Max Richter - Sarajevo,Study,95.0,59.0,79.0,-3.6
Joe Hisaishi - One Summer's Day,Study,24.0,46.0,28.0,-10.7
Hania Rani - F Major,Study,10.0,38.0,35.0,-11.8
Mozart - Piano Sonata No. 16,Study,7.0,87.0,71.0,-18.0
Alexis Ffrench - Moments,Study,6.0,45.0,41.0,-15.7
Asuka Ohta - Animal Crossing Theme,Study,2.0,14.0,10.0,-15.7
Hans Zimmer - Day One,Study,68.0,44.0,14.0,-12.5
Gareth Coker - Light Of Nibel,Study,1.0,33.0,3.0,-24.6
Sigur Ros - Untitled #1 (Vaka),Study,7.0,46.0,36.0,-35.4
The Album Leaf - Another Day,Study,6.0,8.0,6.0,-28.1
C418 - Sweden (Extended),Study,1.0,82.0,21.0,-23.6
Tycho - A Walk,Study,8.0,56.0,39.0,-18.3
Howard Shore - Rivendell,Study,5.0,42.0,10.0,-27.1
Nils Frahm - Some,Study,26.0,44.0,1.0,-14.3
Austin Wintory - Nascence,Study,7.0,45.0,10.0,-21.1
Nils Frahm - All Melody,Study,79.0,60.0,16.0,-9.5
Joep Beving - Solipsism,Study,44.0,20.0,2.0,-13.0
Aphex Twin - Rhubarb,Study,6.0,10.0,6.0,-14.8
Olafur Arnalds - Raein,Study,58.0,26.0,20.0,-7.9
Ludovico Einaudi - Divenire,Study,17.0,50.0,52.0,-16.0
Helios - Dragonfly Across An Ancient Sky,Study,31.0,48.0,5.0,-14.7
A Winged Victory For The Sullen - We Played Some Open Chords,Study,42.0,28.0,7.0,-14.6
Helios - Halving The Compass,Study,25.0,46.0,2.0,-10.6
Jeremy Soule - Ancient Stones,Study,1.0,36.0,6.0,-23.6
Explosions In The Sky - The Birth And Death Of The Day,Study,12.0,14.0,4.0,-17.9
Michael Giacchino - Enterprising Young Men,Study,22.0,49.0,45.0,-16.6
Billie Eilish - i love you,Study,1.0,46.0,6.0,-28.6
Yiruma - Love Me,Study,9.0,57.0,97.0,-22.3
Yann Tiersen - Sur Le Fil,Study,17.0,49.0,24.0,-14.9
Helios - Every Passing Hour,Study,19.0,58.0,23.0,-13.1
Brian Eno - By This River,Study,1.0,30.0,15.0,-35.3
Hans Zimmer - Cornfield Chase,Study,32.0,40.0,9.0,-19.0
Gustavo Santaolalla - The Choice,Study,17.0,65.0,24.0,-7.6
Nils Frahm - Hammers,Study,53.0,46.0,23.0,-5.0
Debussy - La Fille Aux Cheveux De Lin,Study,85.0,91.0,49.0,-5.6
Beethoven - Pathetique Sonata (2nd Movement),Study,52.0,46.0,19.0,-3.6
The Album Leaf - Eastern Glow,Study,13.0,42.0,6.0,-20.5
A Winged Victory For The Sullen - Requiem For The Static King,Study,1.0,38.0,9.0,-31.3
Ludwig Goransson - The Mandalorian,Study,13.0,9.0,1.0,-15.2
Disasterpeace - Home,Study,50.0,28.0,13.0,-15.1
Alan Silvestri - The Avengers (Slow Piano),Study,79.0,62.0,36.0,-11.4
Yasunori Mitsuda - Corridors Of Time,Study,45.0,38.0,16.0,-5.7
C418 - Clark,Study,8.0,18.0,6.0,-18.7
Steve Reich - Clapping Music,Study,1.0,22.0,8.0,-36.4
Debussy - Reverie,Study,38.0,53.0,22.0,-13.4
Thomas Newman - Ghosts,Study,17.0,44.0,3.0,-25.8
Helios - Vargtimme,Study,1.0,31.0,20.0,-37.4
Philip Glass - The Hours,Study,1.0,72.0,48.0,-25.3
Arvo Part - Fratres,Study,34.0,25.0,13.0,-10.4
Joe Hisaishi - The Wind Forest,Study,34.0,63.0,63.0,-12.2
Philip Glass - Mad Rush,Study,3.0,85.0,70.0,-16.6
Arvo Part - Summa,Study,18.0,41.0,1.0,-25.2
A Winged Victory For The Sullen - Steep Hills,Study,49.0,20.0,40.0,-15.4
Arvo Part - Spiegel Im Spiegel (Violin & Piano),Study,27.0,42.0,52.0,-8.9
Hans Zimmer - Time (Original),Study,1.0,32.0,4.0,-25.0
Hania Rani - F Minor,Study,14.0,41.0,5.0,-15.3
Joe Hisaishi - Princess Mononoke Theme,Study,26.0,44.0,48.0,-15.3
Philip Glass - Metamorphosis Two,Study,1.0,34.0,19.0,-35.1
Jeremy Soule - Secunda,Study,35.0,14.0,14.0,-18.3
Beethoven - Piano Sonata No. 31,Study,10.0,26.0,4.0,-34.3
Thomas Newman - Road To Perdition Theme,Study,1.0,37.0,5.0,-20.6
C418 - Alpha,Study,75.0,87.0,48.0,-4.7
Explosions In The Sky - Your Hand In Mine,Study,22.0,63.0,45.0,-31.1
Arvo Part - Tabula Rasa,Study,14.0,44.0,7.0,-21.8
Ludovico Einaudi - Le Onde,Study,51.0,60.0,35.0,-15.1
The Album Leaf - Always For You,Study,17.0,54.0,10.0,-10.0
Max Richter - Shadow Journal,Study,6.0,23.0,26.0,-15.7
Bach - Air On The G String,Study,16.0,44.0,40.0,-15.5
Ryuichi Sakamoto - Energy Flow,Study,3.0,29.0,12.0,-25.9
Imagine Dragons - Whatever It Takes,Workout,85.0,57.0,51.0,-3.8
MoonDeity - Neon Blade,Workout,81.0,77.0,78.0,-3.3
Hans Zimmer - Mountains,Workout,74.0,84.0,64.0,-7.2
Daler Mehndi - Dangal Title Track,Workout,58.0,86.0,34.0,-8.1
The Prodigy - Breathe,Workout,95.0,45.0,51.0,-8.6
Immediate Music - Lacrimosa Dominae,Workout,61.0,82.0,89.0,-8.1
Yellow Claw - DJ Turn It Up,Workout,80.0,54.0,30.0,-13.7
Rob Bailey - Beast Mode,Workout,69.0,57.0,47.0,-7.7
Kordhell - Live Another Day,Workout,98.0,53.0,65.0,-3.7
FJAAK - Redemption,Workout,34.0,76.0,29.0,-17.3
Dax J - Offending Public Morality,Workout,79.0,56.0,45.0,-2.8
Lil Durk - All My Life,Workout,97.0,35.0,18.0,-4.0
Anetha - Candy From Strangers,Workout,78.0,85.0,90.0,-1.7
999999999 - X0004000X,Workout,74.0,29.0,21.0,-10.2
Chief Keef - Faneto,Workout,60.0,68.0,9.0,-9.6
Eminem - Soldier,Workout,72.0,75.0,39.0,-6.0
G3ox_em - GigaChad Theme,Workout,93.0,73.0,56.0,-1.7
Kobosil - Born In 1968,Workout,68.0,90.0,61.0,-3.9
Disturbed - Stricken,Workout,81.0,36.0,18.0,-7.2
Hensonn - Flare,Workout,78.0,59.0,57.0,-5.7
Machine Gun Kelly - Alpha Omega,Workout,69.0,44.0,55.0,-8.9
Eminem - Phenomenal,Workout,66.0,100.0,49.0,-5.6
NF - The Search,Workout,91.0,66.0,92.0,-5.4
Enrico Sangiuliano - Moon Rocks,Workout,86.0,75.0,67.0,-3.2
Drake - Energy,Workout,96.0,42.0,26.0,-3.8
Pop Smoke - Shake The Room,Workout,32.0,6.0,8.0,-17.1
Ghostmane - Mercury,Workout,84.0,61.0,49.0,-4.0
Basshunter - Now You're Gone,Workout,77.0,36.0,8.0,-6.3
Migos - Bad and Boujee,Workout,47.0,64.0,45.0,-7.5
AC/DC - Dirty Deeds Done Dirt Cheap,Workout,57.0,71.0,21.0,-6.0
Pantera - Cowboys From Hell,Workout,41.0,93.0,37.0,-8.1
I Hate Models - Daydream,Workout,59.0,77.0,47.0,-9.4
Papa Roach - Between Angels And Insects,Workout,50.0,80.0,11.0,-10.6
Powerwolf - Army Of The Night,Workout,87.0,37.0,52.0,-3.3
Cordae - Broke As F***,Workout,81.0,72.0,26.0,-7.1
Drake - Headlines,Workout,96.0,45.0,47.0,-7.1
Terror Reid - Uppercuts,Workout,95.0,41.0,46.0,-7.6
Reinier Zonneveld - Things We Might Have Said,Workout,46.0,81.0,30.0,-9.5
Zayde Wolf - Hustler,Workout,94.0,43.0,37.0,-3.1
Madeon - Icarus,Workout,68.0,37.0,71.0,-7.8
Megan Thee Stallion - Thot Sh*t,Workout,99.0,41.0,11.0,-0.6
Scarlxrd - Heart Attack,Workout,60.0,49.0,64.0,-4.7
Perturbator - Future Club,Workout,83.0,36.0,58.0,-2.6
MoonDeity - WAKE UP!,Workout,64.0,57.0,20.0,-4.0
Jay-Z - Dirt Off Your Shoulder,Workout,61.0,87.0,69.0,-3.6
Amelie Lens - Hypnotized,Workout,81.0,69.0,52.0,-2.8
Carpenter Brut - Turbo Killer,Workout,84.0,55.0,59.0,-8.6
Immediate Music - Serenata Immortale,Workout,40.0,82.0,25.0,-8.7
Freddie Dredd - Opaul,Workout,85.0,56.0,14.0,-13.3
JID - Off Deez,Workout,87.0,30.0,48.0,-4.7
Migos - Slippery,Workout,71.0,86.0,69.0,-3.3
Lil Durk - The Voice,Workout,55.0,88.0,34.0,-5.4
Celldweller - End Of An Empire,Workout,94.0,37.0,50.0,-6.3
Meek Mill - Going Bad,Workout,91.0,56.0,50.0,-3.1
Dance With The Dead - Robeast,Workout,100.0,32.0,25.0,-4.8
Parkway Drive - Wild Eyes,Workout,42.0,84.0,27.0,-8.3
Kanye West - Can't Tell Me Nothing,Workout,85.0,70.0,50.0,-6.2
Pop Smoke - Element,Workout,76.0,52.0,48.0,-6.2
Shakewell - Terminal,Workout,66.0,98.0,68.0,-4.7
50 Cent - Many Men,Workout,80.0,30.0,24.0,-10.2
50 Cent - Hustler's Ambition,Workout,43.0,90.0,34.0,-9.2
Rage Against The Machine - Guerrilla Radio,Workout,96.0,50.0,57.0,-2.8
Run The Jewels - Close Your Eyes,Workout,72.0,84.0,68.0,-6.6
RL Grime - Core,Workout,76.0,83.0,55.0,-5.3
Brennan Heart - Imaginary,Workout,96.0,43.0,39.0,-4.0
Kendrick Lamar - m.A.A.d city,Workout,87.0,40.0,57.0,-2.4
INTERWORLD - Metamorphosis,Workout,92.0,73.0,58.0,-2.9
Trivium - In Waves,Workout,75.0,59.0,44.0,-7.7
UMEK - Vibrancy,Workout,82.0,61.0,50.0,-4.3
Busta Rhymes - Touch It,Workout,61.0,40.0,14.0,-8.3
Kendrick Lamar - Alright,Workout,81.0,78.0,50.0,-6.0
Desiigner - Outlet,Workout,61.0,68.0,60.0,-9.5
Parkway Drive - Vice Grip,Workout,77.0,60.0,44.0,-2.8
Drake - Started From The Bottom,Workout,91.0,61.0,63.0,-3.1
KSHMR - Bazaar,Workout,98.0,31.0,19.0,-3.7
Blue Stahli - ULTRAnumb,Workout,97.0,50.0,52.0,-4.0
Boys Noize - Overthrow,Workout,90.0,40.0,30.0,-3.1
Pure Party 23563,Party,85.0,83.0,95.0,-2.3
Pure Workout 82754,Workout,94.0,45.0,37.0,-3.1
Pure Workout 60220,Workout,94.0,45.0,28.0,-4.7
Pure Study 54777,Study,36.0,36.0,42.0,-10.8
Pure Workout 93127,Workout,71.0,56.0,40.0,-3.3
Pure Study 33855,Study,38.0,35.0,48.0,-11.8
Pure Workout 97088,Workout,88.0,55.0,42.0,-5.9
Pure Party 57190,Party,91.0,75.0,97.0,-3.1
Pure Party 39325,Party,89.0,77.0,79.0,-4.1
Pure Sleep 10605,Sleep,14.0,5.0,27.0,-21.2
Pure Study 46362,Study,29.0,34.0,43.0,-8.1
Pure Workout 66231,Workout,96.0,43.0,28.0,-3.7
Pure Party 64974,Party,92.0,77.0,88.0,-0.2
Pure Workout 52434,Workout,92.0,55.0,30.0,-3.0
Pure Party 77734,Party,85.0,83.0,74.0,-4.0
Pure Workout 30100,Workout,98.0,60.0,46.0,-5.9
Pure Study 72787,Study,31.0,46.0,35.0,-8.6
Pure Party 65919,Party,92.0,75.0,87.0,-2.3
Pure Party 23461,Party,96.0,88.0,97.0,-2.5
Pure Workout 92220,Workout,90.0,41.0,49.0,-7.0
Pure Study 40435,Study,35.0,34.0,58.0,-8.2
Pure Study 54849,Study,30.0,54.0,45.0,-13.3
Pure Workout 15113,Workout,79.0,60.0,22.0,-5.2
Pure Sleep 73137,Sleep,3.0,3.0,18.0,-20.0
Pure Study 12449,Study,31.0,47.0,56.0,-8.4
Pure Workout 44690,Workout,73.0,44.0,39.0,-2.9
Pure Study 83536,Study,30.0,53.0,59.0,-10.0
Pure Sleep 20161,Sleep,12.0,4.0,20.0,-23.1
Pure Workout 27414,Workout,72.0,45.0,25.0,-6.2
Pure Workout 31197,Workout,83.0,60.0,25.0,-5.7
Pure Workout 74540,Workout,97.0,57.0,21.0,-3.2
Pure Workout 61324,Workout,94.0,63.0,50.0,-5.6
Pure Workout 77165,Workout,90.0,63.0,34.0,-6.7
Pure Workout 25612,Workout,70.0,54.0,41.0,-2.3
Pure Workout 97326,Workout,81.0,64.0,58.0,-4.6
Pure Study 32487,Study,44.0,41.0,41.0,-13.8
Pure Study 42534,Study,22.0,49.0,39.0,-13.6
Pure Study 25326,Study,26.0,41.0,45.0,-13.8
Pure Party 58699,Party,91.0,78.0,93.0,-0.9
Pure Workout 42910,Workout,79.0,53.0,30.0,-3.0
Pure Study 34794,Study,22.0,49.0,46.0,-10.3
Pure Workout 88758,Workout,79.0,52.0,44.0,-4.2
Pure Workout 17106,Workout,98.0,66.0,35.0,-3.6
Pure Party 43029,Party,97.0,91.0,89.0,-2.7
Pure Party 65780,Party,96.0,89.0,75.0,-3.0
Pure Workout 22198,Workout,72.0,67.0,25.0,-6.2
Pure Party 41189,Party,99.0,99.0,85.0,-1.3
Pure Workout 35551,Workout,95.0,65.0,54.0,-5.4
Pure Workout 30767,Workout,73.0,41.0,54.0,-3.8
Pure Party 37661,Party,97.0,83.0,76.0,-3.3
Pure Workout 96551,Workout,97.0,63.0,43.0,-2.7
Pure Study 83174,Study,44.0,42.0,57.0,-8.8
Pure Workout 21666,Workout,86.0,41.0,21.0,-4.5
Pure Party 44780,Party,85.0,81.0,72.0,-0.9
Pure Party 15139,Party,95.0,93.0,96.0,-0.5
Pure Workout 18676,Workout,80.0,46.0,22.0,-6.4
Pure Study 99402,Study,32.0,39.0,58.0,-12.1
Pure Party 95649,Party,93.0,82.0,79.0,-1.9
Pure Workout 83117,Workout,92.0,65.0,38.0,-6.8
Pure Study 32598,Study,24.0,45.0,42.0,-12.9
Pure Party 77588,Party,90.0,84.0,92.0,-2.9
Pure Sleep 53494,Sleep,12.0,7.0,25.0,-21.4
Pure Sleep 39879,Sleep,18.0,11.0,17.0,-23.8
Pure Sleep 17309,Sleep,14.0,20.0,19.0,-29.0
Pure Workout 24405,Workout,74.0,63.0,47.0,-2.2
Pure Study 99872,Study,31.0,31.0,32.0,-13.2
Pure Party 64029,Party,89.0,87.0,71.0,-2.4
Pure Workout 41862,Workout,70.0,47.0,25.0,-4.1
Pure Study 30870,Study,23.0,41.0,44.0,-10.3
Pure Party 57593,Party,93.0,99.0,99.0,-0.3
Pure Study 81198,Study,36.0,49.0,31.0,-12.3
Pure Study 68030,Study,21.0,54.0,31.0,-10.4
Pure Sleep 42149,Sleep,11.0,28.0,22.0,-21.8
Pure Party 14685,Party,88.0,84.0,85.0,-0.9
Pure Study 37265,Study,34.0,31.0,41.0,-9.3
Pure Workout 92000,Workout,80.0,55.0,40.0,-4.3
Pure Workout 16688,Workout,82.0,50.0,58.0,-5.8
Pure Party 78990,Party,93.0,91.0,86.0,-0.4
Pure Party 62413,Party,98.0,87.0,91.0,-0.2
Pure Workout 65567,Workout,87.0,59.0,39.0,-4.1
Pure Study 99697,Study,32.0,48.0,39.0,-9.5
Pure Workout 64042,Workout,83.0,42.0,55.0,-2.9
Pure Workout 75082,Workout,98.0,62.0,56.0,-2.3
Pure Workout 75223,Workout,84.0,59.0,28.0,-6.0
Pure Study 51783,Study,40.0,49.0,56.0,-12.0
Pure Workout 74925,Workout,74.0,40.0,49.0,-5.1
Pure Workout 20485,Workout,89.0,50.0,45.0,-6.4
Pure Study 92575,Study,40.0,36.0,50.0,-9.1
Pure Study 86045,Study,38.0,39.0,36.0,-9.0
Pure Party 47465,Party,85.0,85.0,71.0,-1.4
Pure Party 77927,Party,95.0,87.0,90.0,-1.8
Pure Study 40638,Study,44.0,45.0,42.0,-10.1
Pure Sleep 86179,Sleep,5.0,25.0,6.0,-15.5
Pure Study 67041,Study,25.0,45.0,53.0,-9.9
Pure Workout 97600,Workout,84.0,51.0,22.0,-2.6
Pure Workout 35256,Workout,80.0,55.0,28.0,-6.2
Pure Study 85233,Study,29.0,37.0,32.0,-11.9
Pure Study 67662,Study,36.0,50.0,53.0,-10.2
Pure Sleep 43107,Sleep,18.0,22.0,12.0,-18.0
Pure Study 77197,Study,33.0,53.0,36.0,-8.7
Pure Workout 52409,Workout,80.0,40.0,57.0,-2.6
Pure Study 16706,Study,34.0,53.0,31.0,-9.4
Pure Study 24425,Study,38.0,39.0,44.0,-12.3
Pure Study 45686,Study,21.0,35.0,36.0,-11.2
Pure Study 62500,Study,42.0,51.0,41.0,-10.1
Pure Workout 63346,Workout,85.0,64.0,47.0,-5.1
Pure Party 33667,Party,87.0,88.0,82.0,-0.3
Pure Study 82300,Study,24.0,33.0,59.0,-9.3
Pure Party 46648,Party,92.0,79.0,92.0,-2.1
Pure Workout 68441,Workout,95.0,49.0,55.0,-6.8
Pure Sleep 25835,Sleep,0.0,14.0,4.0,-20.2
Pure Sleep 20738,Sleep,18.0,27.0,28.0,-21.4
Pure Workout 20156,Workout,74.0,61.0,41.0,-4.7
Pure Workout 20225,Workout,93.0,57.0,50.0,-5.2
Pure Study 72095,Study,38.0,38.0,41.0,-13.2
Pure Study 59132,Study,43.0,34.0,48.0,-9.0
Pure Workout 64048,Workout,89.0,51.0,38.0,-2.6
Pure Study 93530,Study,42.0,52.0,33.0,-13.9
Pure Study 10496,Study,29.0,32.0,32.0,-9.9
Pure Party 57744,Party,98.0,86.0,74.0,-2.7
Pure Sleep 85271,Sleep,7.0,12.0,22.0,-26.1
Pure Sleep 16904,Sleep,2.0,14.0,0.0,-21.0
Pure Study 14396,Study,33.0,44.0,34.0,-9.6
Pure Sleep 19250,Sleep,16.0,5.0,0.0,-24.9
Pure Study 37183,Study,25.0,43.0,57.0,-13.8
Pure Sleep 35392,Sleep,5.0,1.0,22.0,-29.0
Pure Study 58804,Study,33.0,53.0,41.0,-13.8
Pure Sleep 60261,Sleep,14.0,8.0,17.0,-24.4
Pure Sleep 92468,Sleep,10.0,29.0,9.0,-26.3
Pure Workout 96122,Workout,75.0,61.0,22.0,-4.0
Pure Sleep 80864,Sleep,6.0,27.0,23.0,-28.2
Pure Workout 81702,Workout,73.0,61.0,45.0,-5.8
Pure Party 68079,Party,92.0,89.0,72.0,-2.4
Pure Workout 87803,Workout,74.0,42.0,59.0,-6.9
Pure Sleep 58626,Sleep,17.0,1.0,23.0,-20.2
Pure Sleep 52425,Sleep,0.0,28.0,17.0,-21.0
Pure Workout 42940,Workout,88.0,53.0,51.0,-4.4
Pure Study 17885,Study,27.0,38.0,58.0,-9.4
Pure Workout 48849,Workout,97.0,45.0,38.0,-2.3
Pure Workout 39090,Workout,70.0,60.0,21.0,-4.7
Pure Party 93486,Party,87.0,79.0,89.0,-3.7
Pure Study 68962,Study,21.0,53.0,40.0,-9.4
Pure Study 74261,Study,35.0,36.0,31.0,-11.5
Pure Workout 40402,Workout,79.0,49.0,29.0,-4.7
Pure Study 16014,Study,37.0,36.0,39.0,-10.7
Pure Workout 32391,Workout,93.0,50.0,30.0,-5.7
Pure Workout 68041,Workout,95.0,50.0,35.0,-5.3
Pure Study 10636,Study,35.0,48.0,52.0,-8.2
Pure Sleep 88026,Sleep,0.0,11.0,21.0,-23.1
Pure Party 46993,Party,85.0,86.0,98.0,-3.6
Pure Study 75200,Study,42.0,54.0,45.0,-9.8
Pure Sleep 35198,Sleep,0.0,14.0,2.0,-23.9
Pure Workout 49079,Workout,98.0,63.0,26.0,-3.3
Pure Study 39697,Study,21.0,54.0,37.0,-9.1
Pure Study 85955,Study,39.0,47.0,47.0,-11.1
Pure Party 43988,Party,89.0,87.0,95.0,-1.2
Pure Study 89847,Study,23.0,31.0,43.0,-8.5
Pure Party 45954,Party,96.0,94.0,72.0,-2.5
Pure Workout 81756,Workout,89.0,60.0,46.0,-2.3
Pure Sleep 51443,Sleep,8.0,22.0,1.0,-20.2
Pure Party 75277,Party,89.0,87.0,88.0,-4.0
Pure Study 45238,Study,27.0,34.0,36.0,-8.3
Pure Sleep 92431,Sleep,19.0,1.0,18.0,-25.3
Pure Workout 79883,Workout,81.0,44.0,39.0,-2.8
Pure Sleep 59551,Sleep,6.0,1.0,25.0,-23.0
Pure Workout 97250,Workout,95.0,51.0,46.0,-4.8
Pure Sleep 55421,Sleep,1.0,27.0,20.0,-21.8
Pure Study 63671,Study,27.0,44.0,43.0,-12.5
Pure Study 53018,Study,25.0,38.0,35.0,-10.5
Pure Party 34708,Party,94.0,80.0,76.0,-0.1
Pure Sleep 41741,Sleep,17.0,11.0,0.0,-29.1
Pure Sleep 73335,Sleep,11.0,24.0,1.0,-22.4
Pure Workout 64799,Workout,77.0,68.0,22.0,-4.6
Pure Study 22687,Study,30.0,36.0,38.0,-12.7
Pure Study 38945,Study,24.0,46.0,40.0,-8.1
Pure Workout 80846,Workout,78.0,66.0,50.0,-2.8
Pure Workout 68562,Workout,75.0,61.0,45.0,-3.0
Pure Study 41266,Study,25.0,49.0,51.0,-13.8
Pure Workout 63528,Workout,74.0,60.0,23.0,-2.6
Pure Workout 33217,Workout,74.0,44.0,20.0,-5.5
Pure Sleep 17242,Sleep,12.0,23.0,16.0,-21.6
Pure Workout 94836,Workout,86.0,59.0,56.0,-5.5
Pure Sleep 18782,Sleep,18.0,11.0,7.0,-24.9
Pure Study 73022,Study,21.0,31.0,46.0,-8.4
Pure Workout 77812,Workout,87.0,47.0,39.0,-4.4
Pure Study 11615,Study,23.0,36.0,32.0,-9.6
Pure Party 27481,Party,86.0,86.0,95.0,-3.7
Pure Party 77351,Party,97.0,91.0,93.0,-4.3
Pure Workout 62865,Workout,97.0,63.0,25.0,-6.6
Pure Party 26091,Party,88.0,83.0,73.0,-3.1
Pure Sleep 70116,Sleep,7.0,5.0,19.0,-23.9
Pure Party 12330,Party,96.0,81.0,94.0,-1.4
Pure Workout 46448,Workout,96.0,54.0,35.0,-2.9
Pure Workout 46050,Workout,85.0,49.0,47.0,-4.7
Pure Workout 86938,Workout,91.0,50.0,53.0,-6.0
Pure Party 34008,Party,90.0,81.0,91.0,-4.5
Pure Sleep 16640,Sleep,6.0,23.0,24.0,-26.1
Pure Party 37965,Party,89.0,75.0,84.0,-0.4
Pure Party 25823,Party,90.0,79.0,82.0,-1.4
Pure Study 52267,Study,21.0,43.0,56.0,-11.3
Pure Study 93172,Study,27.0,50.0,40.0,-10.5
Pure Sleep 12814,Sleep,16.0,1.0,23.0,-26.9
Pure Workout 53995,Workout,79.0,59.0,28.0,-4.4
Pure Workout 54807,Workout,86.0,57.0,31.0,-2.9
Pure Workout 94122,Workout,90.0,45.0,49.0,-6.3
Pure Workout 14438,Workout,92.0,67.0,57.0,-3.2
Pure Party 32908,Party,86.0,87.0,86.0,-2.9
Pure Sleep 24507,Sleep,8.0,15.0,15.0,-27.2
Pure Sleep 25201,Sleep,7.0,10.0,0.0,-15.0
Pure Workout 96825,Workout,74.0,59.0,56.0,-2.0
Pure Sleep 58043,Sleep,11.0,27.0,15.0,-18.1
Pure Study 29200,Study,24.0,31.0,53.0,-10.1
Pure Workout 35687,Workout,93.0,69.0,57.0,-2.1
Pure Study 84226,Study,42.0,38.0,54.0,-11.2
Pure Study 88562,Study,31.0,40.0,49.0,-9.0
Pure Sleep 95958,Sleep,13.0,1.0,16.0,-23.9
Pure Workout 29143,Workout,99.0,58.0,20.0,-5.8
Pure Workout 23326,Workout,71.0,43.0,51.0,-6.5
Pure Sleep 60345,Sleep,10.0,29.0,28.0,-28.1
Pure Study 86364,Study,44.0,35.0,39.0,-10.6
Pure Sleep 40790,Sleep,6.0,2.0,0.0,-15.9
Pure Study 25697,Study,40.0,46.0,59.0,-10.1
Pure Workout 85096,Workout,94.0,67.0,39.0,-5.7
Pure Sleep 12405,Sleep,6.0,19.0,14.0,-19.4
Pure Sleep 10948,Sleep,6.0,11.0,21.0,-17.2
Pure Study 85883,Study,36.0,46.0,35.0,-12.6
Pure Sleep 62611,Sleep,7.0,6.0,19.0,-19.1
Pure Sleep 68410,Sleep,14.0,14.0,14.0,-28.8
Pure Party 78016,Party,85.0,89.0,82.0,-0.2
Pure Party 21698,Party,98.0,85.0,85.0,-1.9
Pure Workout 58707,Workout,89.0,44.0,30.0,-2.3
Pure Workout 92444,Workout,83.0,43.0,41.0,-3.9
Pure Workout 37331,Workout,89.0,46.0,59.0,-2.9
Pure Sleep 50923,Sleep,3.0,22.0,29.0,-24.2
Pure Sleep 45031,Sleep,14.0,29.0,24.0,-29.1
Pure Sleep 56519,Sleep,10.0,17.0,15.0,-22.1
Pure Sleep 89620,Sleep,17.0,25.0,10.0,-27.5
Pure Sleep 46964,Sleep,4.0,7.0,5.0,-28.1
Pure Sleep 77542,Sleep,13.0,14.0,29.0,-19.2
Pure Study 97957,Study,44.0,48.0,46.0,-10.3
Pure Workout 13869,Workout,97.0,64.0,50.0,-6.0
Pure Party 58217,Party,86.0,92.0,83.0,-1.4
Pure Workout 38162,Workout,73.0,60.0,33.0,-4.3
Pure Sleep 33902,Sleep,0.0,25.0,27.0,-29.7
Pure Study 31515,Study,42.0,40.0,46.0,-12.9
Pure Party 38220,Party,96.0,79.0,86.0,-2.0
Pure Sleep 35404,Sleep,1.0,13.0,17.0,-16.8
Pure Party 39095,Party,91.0,77.0,79.0,-2.9
Pure Sleep 84607,Sleep,10.0,27.0,19.0,-24.6
Pure Workout 65400,Workout,94.0,53.0,58.0,-5.2
Pure Party 99711,Party,90.0,82.0,79.0,-3.2
Pure Workout 51364,Workout,74.0,43.0,39.0,-3.0
Pure Study 48003,Study,36.0,52.0,33.0,-12.0
Pure Workout 22375,Workout,80.0,68.0,43.0,-6.6
Pure Study 26736,Study,34.0,34.0,48.0,-9.1
Pure Sleep 98590,Sleep,0.0,20.0,0.0,-29.1
Pure Workout 87452,Workout,71.0,65.0,47.0,-3.9
Pure Workout 83119,Workout,80.0,59.0,34.0,-5.2
Pure Party 72847,Party,88.0,87.0,72.0,-0.6
Pure Workout 30160,Workout,77.0,62.0,28.0,-3.7
Pure Sleep 66455,Sleep,7.0,7.0,22.0,-26.7
Pure Study 12573,Study,26.0,49.0,51.0,-9.3
Pure Study 94016,Study,43.0,34.0,54.0,-9.2
Pure Study 15438,Study,42.0,52.0,31.0,-10.5
Pure Sleep 40736,Sleep,18.0,17.0,16.0,-16.3
Pure Study 51111,Study,35.0,39.0,58.0,-13.7
Pure Workout 30034,Workout,74.0,43.0,39.0,-6.1
Pure Workout 81452,Workout,78.0,45.0,38.0,-2.7
Pure Sleep 39928,Sleep,3.0,14.0,24.0,-17.5
Pure Study 18827,Study,38.0,51.0,51.0,-8.4
Pure Study 46362,Study,44.0,38.0,44.0,-13.4
Pure Workout 38479,Workout,74.0,64.0,29.0,-2.3
Pure Workout 83316,Workout,84.0,48.0,42.0,-2.1
Pure Party 11853,Party,88.0,85.0,92.0,-3.3
Pure Sleep 60272,Sleep,0.0,2.0,17.0,-26.5
Pure Study 97149,Study,24.0,35.0,36.0,-11.8
Pure Study 25904,Study,44.0,34.0,49.0,-10.4
Pure Sleep 96837,Sleep,7.0,21.0,3.0,-17.2
Pure Party 45031,Party,96.0,88.0,81.0,-2.2
Pure Sleep 16374,Sleep,4.0,23.0,25.0,-16.4
Pure Workout 98668,Workout,87.0,59.0,56.0,-2.5
Pure Study 58289,Study,44.0,33.0,51.0,-11.0
Pure Workout 63924,Workout,90.0,67.0,58.0,-5.8
Pure Study 74308,Study,35.0,38.0,53.0,-9.3
